﻿{"cameraMode":{"drawMode":0,"name":"Shaded","section":"Shading Mode"},"sceneLighting":false,"audioPlay":false,"sceneViewState":{"showFog":true,"showMaterialUpdate":false,"showSkybox":true,"showFlares":true,"showImageEffects":true,"showParticleSystems":true},"in2DMode":false,"pivot":{"x":38.35206985473633,"y":-100.37440490722656,"z":-192.69387817382813},"rotation":{"x":-0.036690060049295428,"y":-0.9093031287193298,"z":0.4065096378326416,"w":-0.08451497554779053},"size":297.4264221191406,"orthographic":false}